{
  "mode": "fixed-x",
  "instance": "Instance1",
  "config": {
    "num_depots_to_open": 2,
    "num_scenarios": 10,
    "seed": null,
    "k_max": 7,
    "l_max": 8,
    "i_max": 7,
    "drone_time_is_roundtrip": true,
    "normalize_by_num_demands": true,
    "infeasible_penalty": 1000000000.0
  },
  "scenario_count": 10,
  "scenario_weights": [
    0.1,
    0.1,
    0.1,
    0.1,
    0.1,
    0.1,
    0.1,
    0.1,
    0.1,
    0.1
  ],
  "x_open": [
    15,
    17
  ],
  "x_open_base": [
    0,
    5
  ],
  "depot_base_map": {
    "15": 0,
    "16": 2,
    "17": 5,
    "18": 11,
    "19": 13
  },
  "expected_obj_a3": 224.7266666666667,
  "expected_obj_a5": 107.34666666666668,
  "improved": true,
  "scenarios": [
    {
      "scenario_index": 0,
      "weight": 0.1,
      "obj_a3": 216.36666666666667,
      "obj_a5": 105.7,
      "improved": true,
      "valid": true,
      "errors": [],
      "tt": {
        "17": [
          17,
          5,
          12,
          1,
          3,
          9,
          1,
          12,
          5,
          7,
          7
        ],
        "15": [
          15,
          0,
          6,
          14
        ]
      },
      "ds": {
        "17": [
          8,
          10,
          13
        ],
        "15": [
          4,
          2,
          11
        ]
      }
    },
    {
      "scenario_index": 1,
      "weight": 0.1,
      "obj_a3": 221.7,
      "obj_a5": 109.5,
      "improved": true,
      "valid": true,
      "errors": [],
      "tt": {
        "17": [
          17,
          5,
          12,
          1,
          3,
          9,
          1,
          12,
          5,
          7,
          7
        ],
        "15": [
          15,
          0,
          4,
          6,
          14
        ]
      },
      "ds": {
        "17": [
          8,
          10,
          13
        ],
        "15": [
          2,
          11
        ]
      }
    },
    {
      "scenario_index": 2,
      "weight": 0.1,
      "obj_a3": 217.96666666666667,
      "obj_a5": 103.83333333333333,
      "improved": true,
      "valid": true,
      "errors": [],
      "tt": {
        "17": [
          17,
          5,
          12,
          1,
          3,
          9,
          1,
          12,
          5,
          7,
          7
        ],
        "15": [
          15,
          0,
          4,
          6,
          14
        ]
      },
      "ds": {
        "17": [
          8,
          10,
          13
        ],
        "15": [
          2,
          11
        ]
      }
    },
    {
      "scenario_index": 3,
      "weight": 0.1,
      "obj_a3": 201.76666666666668,
      "obj_a5": 101.03333333333333,
      "improved": true,
      "valid": true,
      "errors": [],
      "tt": {
        "17": [
          17,
          5,
          12,
          1,
          3,
          9,
          1,
          12,
          5,
          7,
          7
        ],
        "15": [
          15,
          0,
          4,
          6,
          14
        ]
      },
      "ds": {
        "17": [
          8,
          10,
          13
        ],
        "15": [
          2,
          11
        ]
      }
    },
    {
      "scenario_index": 4,
      "weight": 0.1,
      "obj_a3": 229.7,
      "obj_a5": 108.9,
      "improved": true,
      "valid": true,
      "errors": [],
      "tt": {
        "17": [
          17,
          5,
          12,
          1,
          3,
          9,
          1,
          12,
          5,
          7,
          7
        ],
        "15": [
          15,
          0,
          4,
          6,
          14
        ]
      },
      "ds": {
        "17": [
          8,
          10,
          13
        ],
        "15": [
          2,
          11
        ]
      }
    },
    {
      "scenario_index": 5,
      "weight": 0.1,
      "obj_a3": 209.23333333333332,
      "obj_a5": 103.7,
      "improved": true,
      "valid": true,
      "errors": [],
      "tt": {
        "17": [
          17,
          5,
          12,
          1,
          3,
          9,
          1,
          12,
          5,
          7,
          7
        ],
        "15": [
          15,
          0,
          4,
          6,
          14
        ]
      },
      "ds": {
        "17": [
          8,
          10,
          13
        ],
        "15": [
          2,
          11
        ]
      }
    },
    {
      "scenario_index": 6,
      "weight": 0.1,
      "obj_a3": 209.43333333333334,
      "obj_a5": 104.83333333333333,
      "improved": true,
      "valid": true,
      "errors": [],
      "tt": {
        "17": [
          17,
          5,
          12,
          1,
          3,
          9,
          3,
          1,
          12,
          5,
          7,
          7
        ],
        "15": [
          15,
          0,
          4,
          6,
          14
        ]
      },
      "ds": {
        "17": [
          8,
          10,
          13
        ],
        "15": [
          2,
          11
        ]
      }
    },
    {
      "scenario_index": 7,
      "weight": 0.1,
      "obj_a3": 236.23333333333332,
      "obj_a5": 104.9,
      "improved": true,
      "valid": true,
      "errors": [],
      "tt": {
        "17": [
          17,
          5,
          12,
          1,
          3,
          9,
          1,
          12,
          5,
          7,
          7
        ],
        "15": [
          15,
          0,
          4,
          6,
          14
        ]
      },
      "ds": {
        "17": [
          8,
          10,
          13
        ],
        "15": [
          2,
          11
        ]
      }
    },
    {
      "scenario_index": 8,
      "weight": 0.1,
      "obj_a3": 227.76666666666668,
      "obj_a5": 108.36666666666666,
      "improved": true,
      "valid": true,
      "errors": [],
      "tt": {
        "17": [
          17,
          5,
          12,
          1,
          3,
          9,
          1,
          12,
          5,
          7,
          7
        ],
        "15": [
          15,
          0,
          4,
          6,
          14
        ]
      },
      "ds": {
        "17": [
          8,
          10,
          13
        ],
        "15": [
          2,
          11
        ]
      }
    },
    {
      "scenario_index": 9,
      "weight": 0.1,
      "obj_a3": 277.1,
      "obj_a5": 122.7,
      "improved": true,
      "valid": true,
      "errors": [],
      "tt": {
        "17": [
          17,
          5,
          12,
          1,
          9,
          3,
          1,
          12,
          5
        ],
        "15": [
          15,
          0,
          4,
          6,
          14
        ]
      },
      "ds": {
        "17": [
          8,
          10,
          7,
          13
        ],
        "15": [
          2,
          11
        ]
      }
    }
  ]
}