instance,table3_combo_internal,gurobi_best_combo_idx,paper_obj_table3_path_fixed,paper_obj_gurobi_same_combo_opt,paper_obj_gurobi_best_combo_opt,paper_gap_t3_minus_same,paper_gap_t3_minus_best,arrival_obj_table3,arrival_obj_gurobi_same,arrival_obj_gurobi_best,arrival_gap_t3_minus_same,arrival_gap_t3_minus_best,same_combo_pair_count,same_combo_exact_walk_match_count,same_combo_first_visit_match_count,same_combo_exact_drone_seq_match_count
Instance1,"[16, 17]","[0, 2]",107.13666666666666,107.08333333333333,103.47333333333334,0.05333333333332746,3.6633333333333127,107.13666666666667,108.75,105.06,-1.6133333333333297,2.076666666666668,20,0,14,14
Instance2,"[15, 16]","[0, 1]",10.313333333333334,10.266666601333318,10.266666601333318,0.04666673200001625,0.04666673200001625,10.313333333333334,10.266666666666667,10.266666666666667,0.046666666666666856,0.046666666666666856,20,0,8,8
Instance3,"[15, 18]","[0, 3]",10.92,10.506666666666666,10.506666666666666,0.413333333333334,0.413333333333334,10.92,10.506666666666668,10.506666666666668,0.4133333333333322,0.4133333333333322,20,0,6,6
