instance,table3_combo_internal,gurobi_best_combo_idx,paper_obj_table3_path_fixed,paper_obj_gurobi_same_combo_opt,paper_obj_gurobi_best_combo_opt,paper_gap_t3_minus_same,paper_gap_t3_minus_best,arrival_obj_table3,arrival_obj_gurobi_same,arrival_obj_gurobi_best,arrival_gap_t3_minus_same,arrival_gap_t3_minus_best,same_combo_pair_count,same_combo_exact_walk_match_count,same_combo_first_visit_match_count,same_combo_exact_drone_seq_match_count
Instance1,"[16, 17]","[0, 2]",99.68333333333334,97.28,94.63333333333334,2.403333333333336,5.049999999999997,107.13666666666667,108.64666666666668,105.76,-1.5100000000000051,1.3766666666666652,20,0,14,14
Instance2,"[15, 16]","[0, 1]",9.673333333333334,9.619999776292168,9.619999776292168,0.05333355704116549,0.05333355704116549,10.313333333333334,10.440000000000001,10.440000000000001,-0.12666666666666693,-0.12666666666666693,20,0,10,12
Instance3,"[15, 18]","[0, 3]",10.726666666666668,10.036666666666665,10.036666666666665,0.690000000000003,0.690000000000003,10.92,10.55,10.55,0.3699999999999992,0.3699999999999992,20,0,4,3
