{
  "mode": "fixed-x",
  "instance": "Instance8",
  "config": {
    "num_depots_to_open": 2,
    "num_scenarios": 10,
    "seed": 123,
    "k_max": 7,
    "l_max": 8,
    "i_max": 7,
    "drone_time_is_roundtrip": true,
    "normalize_by_num_demands": true,
    "infeasible_penalty": 1000000000.0
  },
  "scenario_count": 10,
  "scenario_weights": [
    0.1,
    0.1,
    0.1,
    0.1,
    0.1,
    0.1,
    0.1,
    0.1,
    0.1,
    0.1
  ],
  "x_open": [
    0,
    4
  ],
  "x_open_base": [
    1,
    14
  ],
  "depot_base_map": {
    "15": 1,
    "16": 7,
    "17": 8,
    "18": 12,
    "19": 14
  },
  "expected_obj_a3": 18.526666666666667,
  "expected_obj_a5": 7.460000000000002,
  "improved": true,
  "scenarios": [
    {
      "scenario_index": 0,
      "weight": 0.1,
      "obj_a3": 19.133333333333333,
      "obj_a5": 7.533333333333333,
      "improved": true,
      "valid": true,
      "errors": [],
      "tt": {
        "15": [
          15,
          1,
          11,
          2,
          5,
          6,
          5,
          2,
          15
        ],
        "19": [
          19,
          14,
          12,
          4,
          13,
          3,
          7,
          4,
          12,
          19
        ]
      },
      "ds": {
        "15": [
          10,
          8
        ],
        "19": [
          9,
          0
        ]
      }
    },
    {
      "scenario_index": 1,
      "weight": 0.1,
      "obj_a3": 18.2,
      "obj_a5": 7.433333333333334,
      "improved": true,
      "valid": true,
      "errors": [],
      "tt": {
        "15": [
          15,
          1,
          2,
          5,
          6,
          5,
          2,
          15
        ],
        "19": [
          19,
          14,
          12,
          4,
          13,
          3,
          7,
          3,
          13,
          19
        ]
      },
      "ds": {
        "15": [
          11,
          10,
          8
        ],
        "19": [
          9,
          0
        ]
      }
    },
    {
      "scenario_index": 2,
      "weight": 0.1,
      "obj_a3": 16.466666666666665,
      "obj_a5": 7.533333333333333,
      "improved": true,
      "valid": true,
      "errors": [],
      "tt": {
        "15": [
          15,
          1,
          11,
          2,
          5,
          6,
          5,
          2,
          15
        ],
        "19": [
          19,
          14,
          12,
          4,
          13,
          3,
          7,
          4,
          12,
          19
        ]
      },
      "ds": {
        "15": [
          10,
          8
        ],
        "19": [
          9,
          0
        ]
      }
    },
    {
      "scenario_index": 3,
      "weight": 0.1,
      "obj_a3": 17.266666666666666,
      "obj_a5": 7.366666666666666,
      "improved": true,
      "valid": true,
      "errors": [],
      "tt": {
        "15": [
          15,
          1,
          11,
          10,
          11,
          2,
          5,
          2,
          15
        ],
        "19": [
          19,
          14,
          12,
          4,
          13,
          3,
          7,
          3,
          13,
          19
        ]
      },
      "ds": {
        "15": [
          8,
          6
        ],
        "19": [
          9,
          0
        ]
      }
    },
    {
      "scenario_index": 4,
      "weight": 0.1,
      "obj_a3": 18.466666666666665,
      "obj_a5": 7.9,
      "improved": true,
      "valid": true,
      "errors": [],
      "tt": {
        "15": [
          15,
          1,
          2,
          5,
          6,
          5,
          2,
          15
        ],
        "19": [
          19,
          14,
          12,
          4,
          13,
          3,
          7,
          3,
          13,
          19
        ]
      },
      "ds": {
        "15": [
          11,
          10,
          8
        ],
        "19": [
          9,
          0
        ]
      }
    },
    {
      "scenario_index": 5,
      "weight": 0.1,
      "obj_a3": 18.933333333333334,
      "obj_a5": 7.166666666666667,
      "improved": true,
      "valid": true,
      "errors": [],
      "tt": {
        "15": [
          15,
          1,
          2,
          5,
          6,
          7,
          6,
          5,
          2,
          15
        ],
        "19": [
          19,
          14,
          12,
          4,
          13,
          3,
          13,
          19
        ]
      },
      "ds": {
        "15": [
          11,
          10,
          8
        ],
        "19": [
          9,
          0
        ]
      }
    },
    {
      "scenario_index": 6,
      "weight": 0.1,
      "obj_a3": 19.133333333333333,
      "obj_a5": 7.066666666666666,
      "improved": true,
      "valid": true,
      "errors": [],
      "tt": {
        "15": [
          15,
          1,
          11,
          2,
          5,
          6,
          5,
          2,
          15
        ],
        "19": [
          19,
          14,
          12,
          4,
          13,
          3,
          7,
          3,
          13,
          19
        ]
      },
      "ds": {
        "15": [
          10,
          8
        ],
        "19": [
          9,
          0
        ]
      }
    },
    {
      "scenario_index": 7,
      "weight": 0.1,
      "obj_a3": 19.066666666666666,
      "obj_a5": 7.966666666666667,
      "improved": true,
      "valid": true,
      "errors": [],
      "tt": {
        "15": [
          15,
          1,
          11,
          10,
          8,
          10,
          11,
          15
        ],
        "19": [
          19,
          14,
          12,
          4,
          13,
          3,
          7,
          6,
          7,
          3,
          13,
          19
        ]
      },
      "ds": {
        "15": [
          2,
          5
        ],
        "19": [
          9,
          0
        ]
      }
    },
    {
      "scenario_index": 8,
      "weight": 0.1,
      "obj_a3": 20.2,
      "obj_a5": 7.166666666666667,
      "improved": true,
      "valid": true,
      "errors": [],
      "tt": {
        "15": [
          15,
          1,
          2,
          5,
          6,
          7,
          6,
          5,
          2,
          15
        ],
        "19": [
          19,
          14,
          12,
          4,
          13,
          3,
          13,
          19
        ]
      },
      "ds": {
        "15": [
          11,
          10,
          8
        ],
        "19": [
          9,
          0
        ]
      }
    },
    {
      "scenario_index": 9,
      "weight": 0.1,
      "obj_a3": 18.4,
      "obj_a5": 7.466666666666667,
      "improved": true,
      "valid": true,
      "errors": [],
      "tt": {
        "15": [
          15,
          1,
          11,
          2,
          5,
          6,
          5,
          2,
          15
        ],
        "19": [
          19,
          14,
          12,
          4,
          13,
          3,
          7,
          3,
          13,
          19
        ]
      },
      "ds": {
        "15": [
          10,
          8
        ],
        "19": [
          9,
          0
        ]
      }
    }
  ],
  "x_open_internal": [
    15,
    19
  ],
  "x_open_idx": [
    0,
    4
  ],
  "depot_indexing": "candidate_depot_idx_0_to_4",
  "depot_idx_to_internal": {
    "0": 15,
    "1": 16,
    "2": 17,
    "3": 18,
    "4": 19
  },
  "depot_internal_to_idx": {
    "15": 0,
    "16": 1,
    "17": 2,
    "18": 3,
    "19": 4
  },
  "paper_exact_repaired": true,
  "paper_exact_fixed_obj": 7.460000000000001,
  "paper_exact_fixed_status": "OPTIMAL",
  "paper_exact_repair_diagnostics": [
    {
      "scenario_index": 0,
      "depots": [
        {
          "depot_internal": 15,
          "truck_walk_repaired": [
            15,
            1,
            11,
            2,
            5,
            6,
            5,
            2,
            15
          ],