{
  "mode": "fixed-x",
  "instance": "Instance2",
  "config": {
    "num_depots_to_open": 2,
    "num_scenarios": 10,
    "seed": 123,
    "k_max": 7,
    "l_max": 8,
    "i_max": 7,
    "drone_time_is_roundtrip": true,
    "normalize_by_num_demands": true,
    "infeasible_penalty": 1000000000.0
  },
  "scenario_count": 10,
  "scenario_weights": [
    0.1,
    0.1,
    0.1,
    0.1,
    0.1,
    0.1,
    0.1,
    0.1,
    0.1,
    0.1
  ],
  "x_open": [
    15,
    16
  ],
  "x_open_base": [
    1,
    3
  ],
  "depot_base_map": {
    "15": 1,
    "16": 3,
    "17": 4,
    "18": 6,
    "19": 12
  },
  "expected_obj_a3": 22.07333333333333,
  "expected_obj_a5": 10.313333333333334,
  "improved": true,
  "scenarios": [
    {
      "scenario_index": 0,
      "weight": 0.1,
      "obj_a3": 20.533333333333335,
      "obj_a5": 9.166666666666666,
      "improved": true,
      "valid": true,
      "errors": [],
      "tt": {
        "15": [
          15,
          1,
          5,
          10,
          4,
          8,
          10,
          5,
          15
        ],
        "16": [
          16,
          7,
          2,
          13,
          14,
          13,
          2,
          7,
          16
        ]
      },
      "ds": {
        "15": [
          11,
          6,
          9
        ],
        "16": [
          3,
          0,
          12
        ]
      }
    },
    {
      "scenario_index": 1,
      "weight": 0.1,
      "obj_a3": 21.733333333333334,
      "obj_a5": 10.5,
      "improved": true,
      "valid": true,
      "errors": [],
      "tt": {
        "15": [
          15,
          1,
          5,
          6,
          5,
          10,
          4,
          10,
          5,
          15
        ],
        "16": [
          16,
          3,
          7,
          2,
          13,
          14,
          13,
          2,
          7,
          16
        ]
      },
      "ds": {
        "15": [
          11,
          9,
          8
        ],
        "16": [
          0,
          12
        ]
      }
    },
    {
      "scenario_index": 2,
      "weight": 0.1,
      "obj_a3": 20.133333333333333,
      "obj_a5": 10.366666666666667,
      "improved": true,
      "valid": true,
      "errors": [],
      "tt": {
        "15": [
          15,
          1,
          5,
          6,
          5,
          10,
          4,
          10,
          5,
          15
        ],
        "16": [
          16,
          3,
          7,
          2,
          13,
          14,
          13,
          2,
          7,
          16
        ]
      },
      "ds": {
        "15": [
          11,
          9,
          8
        ],
        "16": [
          0,
          12
        ]
      }
    },
    {
      "scenario_index": 3,
      "weight": 0.1,
      "obj_a3": 21.266666666666666,
      "obj_a5": 9.366666666666667,
      "improved": true,
      "valid": true,
      "errors": [],
      "tt": {
        "15": [
          15,
          1,
          5,
          10,
          4,
          8,
          10,
          5,
          15
        ],
        "16": [
          16,
          3,
          7,
          2,
          13,
          14,
          13,
          2,
          7,
          16
        ]
      },
      "ds": {
        "15": [
          11,
          6,
          9
        ],
        "16": [
          0,
          12
        ]
      }
    },
    {
      "scenario_index": 4,
      "weight": 0.1,
      "obj_a3": 19.533333333333335,
      "obj_a5": 9.633333333333333,
      "improved": true,
      "valid": true,
      "errors": [],
      "tt": {
        "15": [
          15,
          1,
          5,
          10,
          4,
          8,
          10,
          5,
          15
        ],
        "16": [
          16,
          3,
          7,
          2,
          13,
          14,
          13,
          2,
          7,
          16
        ]
      },
      "ds": {
        "15": [
          11,
          6,
          9
        ],
        "16": [
          0,
          12
        ]
      }
    },
    {
      "scenario_index": 5,
      "weight": 0.1,
      "obj_a3": 27.0,
      "obj_a5": 11.366666666666667,
      "improved": true,
      "valid": true,
      "errors": [],
      "tt": {
        "15": [
          15,
          1,
          6,
          5,
          10,
          4,
          10,
          5,
          15
        ],
        "16": [
          16,
          3,
          7,
          2,
          13,
          14,
          13,
          2,
          7,
          16
        ]
      },
      "ds": {
        "15": [
          11,
          9,
          8
        ],
        "16": [
          0,
          12
        ]
      }
    },
    {
      "scenario_index": 6,
      "weight": 0.1,
      "obj_a3": 19.8,
      "obj_a5": 10.1,
      "improved": true,
      "valid": true,
      "errors": [],
      "tt": {
        "15": [
          15,
          1,
          5,
          10,
          4,
          8,
          10,
          5,
          15
        ],
        "16": [
          16,
          3,
          7,
          2,
          13,
          14,
          13,
          2,
          7,
          16
        ]
      },
      "ds": {
        "15": [
          11,
          6,
          9
        ],
        "16": [
          0,
          12
        ]
      }
    },
    {
      "scenario_index": 7,
      "weight": 0.1,
      "obj_a3": 19.733333333333334,
      "obj_a5": 10.033333333333333,
      "improved": true,
      "valid": true,
      "errors": [],
      "tt": {
        "15": [
          15,
          1,
          5,
          10,
          4,
          8,
          10,
          5,
          15
        ],
        "16": [
          16,
          3,
          7,
          2,
          13,
          14,
          13,
          2,
          7,
          16
        ]
      },
      "ds": {
        "15": [
          11,
          6,
          9
        ],
        "16": [
          0,
          12
        ]
      }
    },
    {
      "scenario_index": 8,
      "weight": 0.1,
      "obj_a3": 21.066666666666666,
      "obj_a5": 11.033333333333333,
      "improved": true,
      "valid": true,
      "errors": [],
      "tt": {
        "15": [
          15,
          1,
          5,
          6,
          5,
          10,
          4,
          10,
          5,
          15
        ],
        "16": [
          16,
          3,
          7,
          2,
          13,
          14,
          13,
          2,
          7,
          16
        ]
      },
      "ds": {
        "15": [
          11,
          9,
          8
        ],
        "16": [
          0,
          12
        ]
      }
    },
    {
      "scenario_index": 9,
      "weight": 0.1,
      "obj_a3": 29.933333333333334,
      "obj_a5": 11.566666666666666,
      "improved": true,
      "valid": true,
      "errors": [],
      "tt": {
        "15": [
          15,
          5,
          10,
          4,
          8,
          10,
          5,
          15
        ],
        "16": [
          16,
          3,
          7,
          2,
          13,
          14,
          13,
          2,
          7,
          16
        ]
      },
      "ds": {
        "15": [
          1,
          11,
          6,
          9
        ],
        "16": [
          0,
          12
        ]
      }
    }
  ],
  "paper_exact_repaired": true,
  "paper_exact_fixed_obj": 10.313333333333334,
  "paper_exact_fixed_status": "OPTIMAL",
  "paper_exact_repair_diagnostics": [
    {
      "scenario_index": 0,
      "depots": [
        {
          "depot_internal": 15,
          "truck_walk_repaired": [
            15,
            1,
            5,
            10,
            4,
            8,
            10,
            5,
            15
          ],
          "drone_seq_repaired": [
            11,
            6,
            9
          ],