{
  "mode": "fixed-x",
  "instance": "Instance10",
  "config": {
    "num_depots_to_open": 2,
    "num_scenarios": 10,
    "seed": 123,
    "k_max": 7,
    "l_max": 8,
    "i_max": 7,
    "drone_time_is_roundtrip": true,
    "normalize_by_num_demands": true,
    "infeasible_penalty": 1000000000.0
  },
  "scenario_count": 10,
  "scenario_weights": [
    0.1,
    0.1,
    0.1,
    0.1,
    0.1,
    0.1,
    0.1,
    0.1,
    0.1,
    0.1
  ],
  "x_open": [
    2,
    4
  ],
  "x_open_base": [
    4,
    14
  ],
  "depot_base_map": {
    "15": 1,
    "16": 2,
    "17": 4,
    "18": 6,
    "19": 14
  },
  "expected_obj_a3": 180.50666666666666,
  "expected_obj_a5": 112.62666666666667,
  "improved": true,
  "scenarios": [
    {
      "scenario_index": 0,
      "weight": 0.1,
      "obj_a3": 211.2,
      "obj_a5": 134.13333333333333,
      "improved": true,
      "valid": true,
      "errors": [],
      "tt": {
        "17": [
          17,
          4,
          6,
          13,
          3,
          13,
          6,
          17
        ],
        "19": [
          19,
          14,
          12,
          7,
          5,
          9,
          2,
          8,
          2,
          7,
          12,
          19
        ]
      },
      "ds": {
        "17": [
          10,
          0
        ],
        "19": [
          1,
          11
        ]
      }
    },
    {
      "scenario_index": 1,
      "weight": 0.1,
      "obj_a3": 23.866666666666667,
      "obj_a5": 22.0,
      "improved": true,
      "valid": true,
      "errors": [],
      "tt": {
        "17": [
          17,
          4,
          6,
          13,
          3,
          13,
          10,
          17
        ],
        "19": [
          19,
          14,
          7,
          12,
          7,
          5,
          9,
          2,
          8,
          0,
          11,
          1,
          19
        ]
      },
      "ds": {
        "17": [],
        "19": []
      }
    },
    {
      "scenario_index": 2,
      "weight": 0.1,
      "obj_a3": 187.2,
      "obj_a5": 115.86666666666666,
      "improved": true,
      "valid": true,
      "errors": [],
      "tt": {
        "17": [
          17,
          4,
          6,
          13,
          3,
          13,
          6,
          17
        ],
        "19": [
          19,
          14,
          12,
          7,
          5,
          9,
          2,
          8,
          2,
          7,
          12,
          19
        ]
      },
      "ds": {
        "17": [
          10,
          0
        ],
        "19": [
          1,
          11
        ]
      }
    },
    {
      "scenario_index": 3,
      "weight": 0.1,
      "obj_a3": 198.93333333333334,
      "obj_a5": 126.46666666666667,
      "improved": true,
      "valid": true,
      "errors": [],
      "tt": {
        "17": [
          17,
          4,
          6,
          13,
          3,
          13,
          6,
          17
        ],
        "19": [
          19,
          14,
          12,
          7,
          5,
          9,
          2,
          8,
          2,
          7,
          19
        ]
      },
      "ds": {
        "17": [
          10,
          0
        ],
        "19": [
          1,
          11
        ]
      }
    },
    {
      "scenario_index": 4,
      "weight": 0.1,
      "obj_a3": 219.73333333333332,
      "obj_a5": 125.06666666666666,
      "improved": true,
      "valid": true,
      "errors": [],
      "tt": {
        "17": [
          17,
          4,
          6,
          13,
          3,
          13,
          6,
          17
        ],
        "19": [
          19,
          14,
          12,
          7,
          5,
          9,
          2,
          7,
          19
        ]
      },
      "ds": {
        "17": [
          10,
          8
        ],
        "19": [
          1,
          11,
          0
        ]
      }
    },
    {
      "scenario_index": 5,
      "weight": 0.1,
      "obj_a3": 200.26666666666668,
      "obj_a5": 128.6,
      "improved": true,
      "valid": true,
      "errors": [],
      "tt": {
        "17": [
          17,
          4,
          6,
          13,
          3,
          13,
          6,
          17
        ],
        "19": [
          19,
          14,
          12,
          7,
          5,
          9,
          2,
          8,
          2,
          7,
          19
        ]
      },
      "ds": {
        "17": [
          10,
          0
        ],
        "19": [
          1,
          11
        ]
      }
    },
    {
      "scenario_index": 6,
      "weight": 0.1,
      "obj_a3": 198.13333333333333,
      "obj_a5": 119.06666666666666,
      "improved": true,
      "valid": true,
      "errors": [],
      "tt": {
        "17": [
          17,
          4,
          6,
          13,
          3,
          13,
          6,
          17
        ],
        "19": [
          19,
          14,
          12,
          7,
          5,
          9,
          2,
          8,
          2,
          7,
          12,
          19
        ]
      },
      "ds": {
        "17": [
          10,
          0
        ],
        "19": [
          1,
          11
        ]
      }
    },
    {
      "scenario_index": 7,
      "weight": 0.1,
      "obj_a3": 187.6,
      "obj_a5": 117.93333333333334,
      "improved": true,
      "valid": true,
      "errors": [],
      "tt": {
        "17": [
          17,
          4,
          6,
          13,
          3,
          13,
          6,
          17
        ],
        "19": [
          19,
          14,
          12,
          7,
          5,
          9,
          2,
          8,
          2,
          7,
          12,
          19
        ]
      },
      "ds": {
        "17": [
          10,
          0
        ],
        "19": [
          1,
          11
        ]
      }
    },
    {
      "scenario_index": 8,
      "weight": 0.1,
      "obj_a3": 190.0,
      "obj_a5": 118.33333333333333,
      "improved": true,
      "valid": true,
      "errors": [],
      "tt": {
        "17": [
          17,
          4,
          10,
          13,
          3,
          13,
          10,
          17
        ],
        "19": [
          19,
          14,
          12,
          7,
          5,
          9,
          2,
          8,
          2,
          7,
          19
        ]
      },
      "ds": {
        "17": [
          6,
          0
        ],
        "19": [
          1,
          11
        ]
      }
    },
    {
      "scenario_index": 9,
      "weight": 0.1,
      "obj_a3": 188.13333333333333,
      "obj_a5": 118.8,
      "improved": true,
      "valid": true,
      "errors": [],
      "tt": {
        "17": [
          17,
          4,
          6,
          13,
          3,
          13,
          6,
          17
        ],
        "19": [
          19,
          14,
          12,
          7,
          5,
          9,
          2,
          8,
          2,
          7,
          12,
          19
        ]
      },
      "ds": {
        "17": [
          10,
          0
        ],
        "19": [
          1,
          11
        ]
      }
    }
  ],
  "x_open_internal": [
    17,
    19
  ],
  "x_open_idx": [
    2,
    4
  ],
  "depot_indexing": "candidate_depot_idx_0_to_4",
  "depot_idx_to_internal": {
    "0": 15,
    "1": 16,
    "2": 17,
    "3": 18,
    "4": 19
  },
  "depot_internal_to_idx": {
    "15": 0,
    "16": 1,
    "17": 2,
    "18": 3,
    "19": 4
  },
  "paper_exact_repaired": true,
  "paper_exact_fixed_obj": 112.68,
  "paper_exact_fixed_status": "OPTIMAL",
  "paper_exact_repair_diagnostics": [
    {
      "scenario_index": 0,
      "depots": [
        {
          "depot_internal": 17,
          "truck_walk_repaired": [
            17,
            4,
            6,
            13,
            3,
            13,
            6,
            17
          ],