{
  "mode": "fixed-x",
  "instance": "Instance7",
  "config": {
    "num_depots_to_open": 2,
    "num_scenarios": 10,
    "seed": 123,
    "k_max": 7,
    "l_max": 8,
    "i_max": 7,
    "drone_time_is_roundtrip": true,
    "normalize_by_num_demands": true,
    "infeasible_penalty": 1000000000.0
  },
  "scenario_count": 10,
  "scenario_weights": [
    0.1,
    0.1,
    0.1,
    0.1,
    0.1,
    0.1,
    0.1,
    0.1,
    0.1,
    0.1
  ],
  "x_open": [
    1,
    3
  ],
  "x_open_base": [
    5,
    8
  ],
  "depot_base_map": {
    "15": 1,
    "16": 5,
    "17": 7,
    "18": 8,
    "19": 11
  },
  "expected_obj_a3": 176.35333333333338,
  "expected_obj_a5": 88.95333333333332,
  "improved": true,
  "scenarios": [
    {
      "scenario_index": 0,
      "weight": 0.1,
      "obj_a3": 199.53333333333333,
      "obj_a5": 101.96666666666667,
      "improved": true,
      "valid": true,
      "errors": [],
      "tt": {
        "16": [
          16,
          5,
          14,
          4,
          9,
          14,
          16
        ],
        "18": [
          18,
          8,
          2,
          13,
          10,
          2,
          11,
          2,
          18
        ]
      },
      "ds": {
        "16": [
          6,
          12,
          3
        ],
        "18": [
          1,
          7,
          0
        ]
      }
    },
    {
      "scenario_index": 1,
      "weight": 0.1,
      "obj_a3": 172.0,
      "obj_a5": 103.06666666666666,
      "improved": true,
      "valid": true,
      "errors": [],
      "tt": {
        "16": [
          16,
          5,
          6,
          12,
          9,
          14,
          16
        ],
        "18": [
          18,
          8,
          2,
          13,
          10,
          2,
          11,
          2,
          18
        ]
      },
      "ds": {
        "16": [
          4,
          3
        ],
        "18": [
          1,
          7,
          0
        ]
      }
    },
    {
      "scenario_index": 2,
      "weight": 0.1,
      "obj_a3": 247.73333333333332,
      "obj_a5": 105.63333333333334,
      "improved": true,
      "valid": true,
      "errors": [],
      "tt": {
        "16": [
          16,
          5,
          14,
          4,
          9,
          14,
          16
        ],
        "18": [
          18,
          8,
          2,
          13,
          10,
          2,
          11,
          2,
          18
        ]
      },
      "ds": {
        "16": [
          6,
          12,
          3
        ],
        "18": [
          1,
          7,
          0
        ]
      }
    },
    {
      "scenario_index": 3,
      "weight": 0.1,
      "obj_a3": 191.33333333333334,
      "obj_a5": 94.3,
      "improved": true,
      "valid": true,
      "errors": [],
      "tt": {
        "16": [
          16,
          5,
          14,
          4,
          9,
          14,
          16
        ],
        "18": [
          18,
          8,
          2,
          13,
          10,
          2,
          11,
          2,
          18
        ]
      },
      "ds": {
        "16": [
          6,
          12,
          3
        ],
        "18": [
          1,
          7,
          0
        ]
      }
    },
    {
      "scenario_index": 4,
      "weight": 0.1,
      "obj_a3": 198.4,
      "obj_a5": 95.83333333333333,
      "improved": true,
      "valid": true,
      "errors": [],
      "tt": {
        "16": [
          16,
          5,
          14,
          9,
          14,
          4,
          14,
          16
        ],
        "18": [
          18,
          8,
          2,
          13,
          10,
          2,
          11,
          2,
          18
        ]
      },
      "ds": {
        "16": [
          6,
          12,
          3
        ],
        "18": [
          1,
          7,
          0
        ]
      }
    },
    {
      "scenario_index": 5,
      "weight": 0.1,
      "obj_a3": 16.266666666666666,
      "obj_a5": 15.333333333333334,
      "improved": true,
      "valid": true,
      "errors": [],
      "tt": {
        "16": [
          16,
          5,
          6,
          12,
          9,
          14,
          4,
          14,
          16
        ],
        "18": [
          18,
          8,
          2,
          13,
          10,
          2,
          11,
          0,
          11,
          7,
          11,
          3,
          11,
          2,
          18
        ]
      },
      "ds": {
        "16": [],
        "18": [
          1
        ]
      }
    },
    {
      "scenario_index": 6,
      "weight": 0.1,
      "obj_a3": 180.53333333333333,
      "obj_a5": 93.36666666666666,
      "improved": true,
      "valid": true,
      "errors": [],
      "tt": {
        "16": [
          16,
          5,
          14,
          4,
          9,
          14,
          16
        ],
        "18": [
          18,
          8,
          2,
          13,
          10,
          2,
          11,
          2,
          18
        ]
      },
      "ds": {
        "16": [
          6,
          12,
          3
        ],
        "18": [
          1,
          7,
          0
        ]
      }
    },
    {
      "scenario_index": 7,
      "weight": 0.1,
      "obj_a3": 183.26666666666668,
      "obj_a5": 93.36666666666666,
      "improved": true,
      "valid": true,
      "errors": [],
      "tt": {
        "16": [
          16,
          5,
          14,
          4,
          9,
          14,
          16
        ],
        "18": [
          18,
          8,
          2,
          13,
          10,
          13,
          2,
          11,
          2,
          18
        ]
      },
      "ds": {
        "16": [
          6,
          12,
          3
        ],
        "18": [
          1,
          7,
          0
        ]
      }
    },
    {
      "scenario_index": 8,
      "weight": 0.1,
      "obj_a3": 190.2,
      "obj_a5": 93.83333333333333,
      "improved": true,
      "valid": true,
      "errors": [],
      "tt": {
        "16": [
          16,
          5,
          14,
          4,
          9,
          14,
          16
        ],
        "18": [
          18,
          2,
          13,
          10,
          2,
          11,
          2,
          18
        ]
      },
      "ds": {
        "16": [
          6,
          12,
          3
        ],
        "18": [
          8,
          1,
          7,
          0
        ]
      }
    },
    {
      "scenario_index": 9,
      "weight": 0.1,
      "obj_a3": 184.26666666666668,
      "obj_a5": 92.83333333333333,
      "improved": true,
      "valid": true,
      "errors": [],
      "tt": {
        "16": [
          16,
          5,
          14,
          4,
          9,
          14,
          16
        ],
        "18": [
          18,
          8,
          2,
          13,
          10,
          2,
          11,
          2,
          18
        ]
      },
      "ds": {
        "16": [
          6,
          12,
          3
        ],
        "18": [
          1,
          7,
          0
        ]
      }
    }
  ],
  "x_open_internal": [
    16,
    18
  ],
  "x_open_idx": [
    1,
    3
  ],
  "depot_indexing": "candidate_depot_idx_0_to_4",
  "depot_idx_to_internal": {
    "0": 15,
    "1": 16,
    "2": 17,
    "3": 18,
    "4": 19
  },
  "depot_internal_to_idx": {
    "15": 0,
    "16": 1,
    "17": 2,
    "18": 3,
    "19": 4
  },
  "paper_exact_repaired": true,
  "paper_exact_fixed_obj": 88.95333333333333,
  "paper_exact_fixed_status": "OPTIMAL",
  "paper_exact_repair_diagnostics": [
    {
      "scenario_index": 0,
      "depots": [
        {
          "depot_internal": 16,
          "truck_walk_repaired": [
            16,
            5,
            14,
            4,
            9,
            14,
            16
          ],
          "drone_seq_repaired": [
            6,
            12,
            3
          ],