{
  "mode": "fixed-x",
  "instance": "Instance9",
  "config": {
    "num_depots_to_open": 2,
    "num_scenarios": 10,
    "seed": 123,
    "k_max": 7,
    "l_max": 8,
    "i_max": 7,
    "drone_time_is_roundtrip": true,
    "normalize_by_num_demands": true,
    "infeasible_penalty": 1000000000.0
  },
  "scenario_count": 10,
  "scenario_weights": [
    0.1,
    0.1,
    0.1,
    0.1,
    0.1,
    0.1,
    0.1,
    0.1,
    0.1,
    0.1
  ],
  "x_open": [
    2,
    4
  ],
  "x_open_base": [
    6,
    13
  ],
  "depot_base_map": {
    "15": 2,
    "16": 4,
    "17": 6,
    "18": 8,
    "19": 13
  },
  "expected_obj_a3": 162.66666666666666,
  "expected_obj_a5": 101.69666666666666,
  "improved": true,
  "scenarios": [
    {
      "scenario_index": 0,
      "weight": 0.1,
      "obj_a3": 145.36666666666667,
      "obj_a5": 95.73333333333333,
      "improved": true,
      "valid": true,
      "errors": [],
      "tt": {
        "17": [
          17,
          14,
          12,
          7,
          12,
          14,
          17
        ],
        "19": [
          19,
          13,
          10,
          11,
          5,
          8,
          3,
          8,
          5,
          10,
          19
        ]
      },
      "ds": {
        "17": [
          6,
          0,
          9,
          2
        ],
        "19": [
          1,
          4
        ]
      }
    },
    {
      "scenario_index": 1,
      "weight": 0.1,
      "obj_a3": 150.96666666666667,
      "obj_a5": 101.8,
      "improved": true,
      "valid": true,
      "errors": [],
      "tt": {
        "17": [
          17,
          6,
          14,
          12,
          7,
          12,
          14,
          17
        ],
        "19": [
          19,
          13,
          10,
          11,
          5,
          8,
          3,
          8,
          5,
          10,
          19
        ]
      },
      "ds": {
        "17": [
          0,
          9,
          2
        ],
        "19": [
          1,
          4
        ]
      }
    },
    {
      "scenario_index": 2,
      "weight": 0.1,
      "obj_a3": 185.83333333333334,
      "obj_a5": 97.76666666666667,
      "improved": true,
      "valid": true,
      "errors": [],
      "tt": {
        "17": [
          17,
          6,
          14,
          12,
          7,
          4,
          7,
          12,
          14,
          17
        ],
        "19": [
          19,
          13,
          10,
          1,
          11,
          5,
          8,
          5,
          10,
          19
        ]
      },
      "ds": {
        "17": [
          0,
          9,
          3
        ],
        "19": [
          2
        ]
      }
    },
    {
      "scenario_index": 3,
      "weight": 0.1,
      "obj_a3": 201.16666666666666,
      "obj_a5": 99.86666666666666,
      "improved": true,
      "valid": true,
      "errors": [],
      "tt": {
        "17": [
          17,
          6,
          14,
          12,
          7,
          12,
          14,
          17
        ],
        "19": [
          19,
          13,
          10,
          1,
          11,
          5,
          8,
          3,
          8,
          5,
          10,
          19
        ]
      },
      "ds": {
        "17": [
          0,
          9,
          2
        ],
        "19": [
          4
        ]
      }
    },
    {
      "scenario_index": 4,
      "weight": 0.1,
      "obj_a3": 152.83333333333334,
      "obj_a5": 102.23333333333333,
      "improved": true,
      "valid": true,
      "errors": [],
      "tt": {
        "17": [
          17,
          6,
          14,
          12,
          7,
          12,
          14,
          17
        ],
        "19": [
          19,
          13,
          10,
          1,
          11,
          5,
          8,
          3,
          8,
          5,
          10,
          19
        ]
      },
      "ds": {
        "17": [
          0,
          9,
          4
        ],
        "19": [
          2
        ]
      }
    },
    {
      "scenario_index": 5,
      "weight": 0.1,
      "obj_a3": 173.16666666666666,
      "obj_a5": 104.33333333333333,
      "improved": true,
      "valid": true,
      "errors": [],
      "tt": {
        "17": [
          17,
          6,
          14,
          12,
          7,
          2,
          12,
          14,
          17
        ],
        "19": [
          19,
          13,
          10,
          11,
          5,
          8,
          5,
          10,
          19
        ]
      },
      "ds": {
        "17": [
          0,
          9,
          3
        ],
        "19": [
          1,
          4
        ]
      }
    },
    {
      "scenario_index": 6,
      "weight": 0.1,
      "obj_a3": 154.43333333333334,
      "obj_a5": 111.8,
      "improved": true,
      "valid": true,
      "errors": [],
      "tt": {
        "17": [
          17,
          6,
          14,
          12,
          7,
          2,
          12,
          14,
          17
        ],
        "19": [
          19,
          10,
          11,
          5,
          8,
          5,
          10,
          19
        ]
      },
      "ds": {
        "17": [
          0,
          9,
          3
        ],
        "19": [
          13,
          1,
          4
        ]
      }
    },
    {
      "scenario_index": 7,
      "weight": 0.1,
      "obj_a3": 165.03333333333333,
      "obj_a5": 112.03333333333333,
      "improved": true,
      "valid": true,
      "errors": [],
      "tt": {
        "17": [
          17,
          6,
          0,
          9,
          0,
          6,
          14,
          17
        ],
        "19": [
          19,
          13,
          10,
          1,
          10,
          11,
          5,
          8,
          3,
          8,
          5,
          10,
          19
        ]
      },
      "ds": {
        "17": [
          12,
          7
        ],
        "19": [
          2,
          4
        ]
      }
    },
    {
      "scenario_index": 8,
      "weight": 0.1,
      "obj_a3": 149.43333333333334,
      "obj_a5": 95.66666666666667,
      "improved": true,
      "valid": true,
      "errors": [],
      "tt": {
        "17": [
          17,
          6,
          14,
          12,
          7,
          12,
          14,
          17
        ],
        "19": [
          19,
          13,
          10,
          1,
          11,
          5,
          8,
          3,
          8,
          5,
          10,
          19
        ]
      },
      "ds": {
        "17": [
          0,
          9,
          2
        ],
        "19": [
          4
        ]
      }
    },
    {
      "scenario_index": 9,
      "weight": 0.1,
      "obj_a3": 148.43333333333334,
      "obj_a5": 95.73333333333333,
      "improved": true,
      "valid": true,
      "errors": [],
      "tt": {
        "17": [
          17,
          6,
          14,
          12,
          7,
          12,
          14,
          17
        ],
        "19": [
          19,
          13,
          10,
          11,
          5,
          8,
          3,
          8,
          5,
          10,
          19
        ]
      },
      "ds": {
        "17": [
          0,
          9,
          2
        ],
        "19": [
          1,
          4
        ]
      }
    }
  ],
  "x_open_internal": [
    17,
    19
  ],
  "x_open_idx": [
    2,
    4
  ],
  "depot_indexing": "candidate_depot_idx_0_to_4",
  "depot_idx_to_internal": {
    "0": 15,
    "1": 16,
    "2": 17,
    "3": 18,
    "4": 19
  },
  "depot_internal_to_idx": {
    "15": 0,
    "16": 1,
    "17": 2,
    "18": 3,
    "19": 4
  },
  "paper_exact_repaired": true,
  "paper_exact_fixed_obj": 101.69666666666669,
  "paper_exact_fixed_status": "OPTIMAL",
  "paper_exact_repair_diagnostics": [
    {
      "scenario_index": 0,
      "depots": [
        {
          "depot_internal": 17,