{
  "mode": "fixed-x",
  "instance": "Instance3",
  "config": {
    "num_depots_to_open": 2,
    "num_scenarios": 10,
    "seed": 123,
    "k_max": 7,
    "l_max": 8,
    "i_max": 7,
    "drone_time_is_roundtrip": true,
    "normalize_by_num_demands": true,
    "infeasible_penalty": 1000000000.0
  },
  "scenario_count": 10,
  "scenario_weights": [
    0.1,
    0.1,
    0.1,
    0.1,
    0.1,
    0.1,
    0.1,
    0.1,
    0.1,
    0.1
  ],
  "x_open": [
    15,
    18
  ],
  "x_open_base": [
    5,
    8
  ],
  "depot_base_map": {
    "15": 5,
    "16": 6,
    "17": 7,
    "18": 8,
    "19": 14
  },
  "expected_obj_a3": 21.420000000000005,
  "expected_obj_a5": 10.919999999999998,
  "improved": true,
  "scenarios": [
    {
      "scenario_index": 0,
      "weight": 0.1,
      "obj_a3": 20.133333333333333,
      "obj_a5": 11.033333333333333,
      "improved": true,
      "valid": true,
      "errors": [],
      "tt": {
        "15": [
          15,
          5,
          9,
          11,
          2,
          14,
          2,
          11,
          7,
          11,
          9,
          15
        ],
        "18": [
          18,
          8,
          0,
          10,
          3,
          10,
          0,
          8,
          18
        ]
      },
      "ds": {
        "15": [
          4,
          1,
          13
        ],
        "18": [
          12,
          6
        ]
      }
    },
    {
      "scenario_index": 1,
      "weight": 0.1,
      "obj_a3": 23.133333333333333,
      "obj_a5": 11.066666666666666,
      "improved": true,
      "valid": true,
      "errors": [],
      "tt": {
        "15": [
          15,
          5,
          9,
          11,
          2,
          14,
          1,
          14,
          2,
          11,
          9,
          15
        ],
        "18": [
          18,
          8,
          0,
          10,
          3,
          10,
          0,
          8,
          18
        ]
      },
      "ds": {
        "15": [
          4,
          13,
          7
        ],
        "18": [
          12,
          6
        ]
      }
    },
    {
      "scenario_index": 2,
      "weight": 0.1,
      "obj_a3": 20.6,
      "obj_a5": 10.266666666666667,
      "improved": true,
      "valid": true,
      "errors": [],
      "tt": {
        "15": [
          15,
          5,
          9,
          11,
          2,
          14,
          1,
          14,
          2,
          11,
          9,
          15
        ],
        "18": [
          18,
          8,
          0,
          10,
          3,
          10,
          0,
          8,
          18
        ]
      },
      "ds": {
        "15": [
          4,
          13,
          7
        ],
        "18": [
          12,
          6
        ]
      }
    },
    {
      "scenario_index": 3,
      "weight": 0.1,
      "obj_a3": 20.533333333333335,
      "obj_a5": 10.7,
      "improved": true,
      "valid": true,
      "errors": [],
      "tt": {
        "15": [
          15,
          5,
          9,
          11,
          2,
          14,
          2,
          11,
          7,
          11,
          9,
          15
        ],
        "18": [
          18,
          8,
          0,
          10,
          3,
          10,
          0,
          8,
          18
        ]
      },
      "ds": {
        "15": [
          4,
          1,
          13
        ],
        "18": [
          12,
          6
        ]
      }
    },
    {
      "scenario_index": 4,
      "weight": 0.1,
      "obj_a3": 25.466666666666665,
      "obj_a5": 12.9,
      "improved": true,
      "valid": true,
      "errors": [],
      "tt": {
        "15": [
          15,
          5,
          9,
          11,
          2,
          14,
          1,
          14,
          2,
          11,
          9,
          15
        ],
        "18": [
          18,
          8,
          0,
          10,
          3,
          10,
          0,
          8,
          18
        ]
      },
      "ds": {
        "15": [
          4,
          13,
          6
        ],
        "18": [
          12,
          7
        ]
      }
    },
    {
      "scenario_index": 5,
      "weight": 0.1,
      "obj_a3": 18.466666666666665,
      "obj_a5": 9.833333333333334,
      "improved": true,
      "valid": true,
      "errors": [],
      "tt": {
        "15": [
          15,
          5,
          9,
          11,
          2,
          14,
          2,
          11,
          7,
          11,
          9,
          15
        ],
        "18": [
          18,
          8,
          0,
          10,
          3,
          10,
          0,
          8,
          18
        ]
      },
      "ds": {
        "15": [
          4,
          1,
          13
        ],
        "18": [
          12,
          6
        ]
      }
    },
    {
      "scenario_index": 6,
      "weight": 0.1,
      "obj_a3": 18.533333333333335,
      "obj_a5": 10.233333333333333,
      "improved": true,
      "valid": true,
      "errors": [],
      "tt": {
        "15": [
          15,
          5,
          9,
          11,
          2,
          14,
          2,
          11,
          7,
          11,
          9,
          15
        ],
        "18": [
          18,
          8,
          0,
          10,
          3,
          10,
          0,
          8,
          18
        ]
      },
      "ds": {
        "15": [
          4,
          1,
          13
        ],
        "18": [
          12,
          6
        ]
      }
    },
    {
      "scenario_index": 7,
      "weight": 0.1,
      "obj_a3": 21.6,
      "obj_a5": 10.3,
      "improved": true,
      "valid": true,
      "errors": [],
      "tt": {
        "15": [
          15,
          5,
          9,
          11,
          7,
          13,
          6,
          13,
          7,
          11,
          9,
          15
        ],
        "18": [
          18,
          8,
          12,
          4,
          1,
          14,
          1,
          4,
          12,
          18
        ]
      },
      "ds": {
        "15": [
          3,
          2
        ],
        "18": [
          0,
          10
        ]
      }
    },
    {
      "scenario_index": 8,
      "weight": 0.1,
      "obj_a3": 27.266666666666666,
      "obj_a5": 12.9,
      "improved": true,
      "valid": true,
      "errors": [],
      "tt": {
        "15": [
          15,
          5,
          9,
          11,
          7,
          13,
          6,
          13,
          7,
          11,
          9,
          15
        ],
        "18": [
          18,
          8,
          0,
          10,
          3,
          10,
          0,
          8,
          18
        ]
      },
      "ds": {
        "15": [
          4,
          1,
          14
        ],
        "18": [
          12,
          2
        ]
      }
    },
    {
      "scenario_index": 9,
      "weight": 0.1,
      "obj_a3": 18.466666666666665,
      "obj_a5": 9.966666666666667,
      "improved": true,
      "valid": true,
      "errors": [],
      "tt": {
        "15": [
          15,
          5,
          9,
          11,
          2,
          14,
          2,
          11,
          7,
          11,
          9,
          15
        ],
        "18": [
          18,
          8,
          0,
          10,
          3,
          10,
          0,
          8,
          18
        ]
      },
      "ds": {
        "15": [
          4,
          1,
          13
        ],
        "18": [
          12,
          6
        ]
      }
    }
  ],
  "paper_exact_repaired": true,
  "paper_exact_fixed_obj": 10.92,
  "paper_exact_fixed_status": "OPTIMAL",
  "paper_exact_repair_diagnostics": [
    {
      "scenario_index": 0,
      "depots": [
        {
          "depot_internal": 15,