{
  "mode": "fixed-x",
  "instance": "Instance3",
  "config": {
    "num_depots_to_open": 2,
    "num_scenarios": 10,
    "seed": 271893,
    "k_max": 7,
    "l_max": 8,
    "i_max": 7,
    "drone_time_is_roundtrip": true,
    "normalize_by_num_demands": true,
    "infeasible_penalty": 1000000000.0
  },
  "scenario_count": 10,
  "scenario_weights": [
    0.1,
    0.1,
    0.1,
    0.1,
    0.1,
    0.1,
    0.1,
    0.1,
    0.1,
    0.1
  ],
  "x_open": [
    0,
    3
  ],
  "x_open_base": [
    5,
    8
  ],
  "depot_base_map": {
    "15": 5,
    "16": 6,
    "17": 7,
    "18": 8,
    "19": 14
  },
  "expected_obj_a3": 21.420000000000005,
  "expected_obj_a5": 10.919999999999998,
  "improved": true,
  "scenarios": [
    {
      "scenario_index": 0,
      "weight": 0.1,
      "obj_a3": 20.133333333333333,
      "obj_a5": 11.033333333333333,
      "improved": true,
      "valid": true,
      "errors": [],
      "tt": {
        "3": [
          "D3",
          8,
          0,
          10,
          3,
          10,
          0,
          8
        ],
        "0": [
          "D0",
          9,
          11,
          7,
          13,
          6
        ]
      },
      "ds": {
        "3": [
          12,
          14
        ],
        "0": [
          5,
          4,
          1,
          2
        ]
      }
    },
    {
      "scenario_index": 1,
      "weight": 0.1,
      "obj_a3": 23.133333333333333,
      "obj_a5": 11.066666666666666,
      "improved": true,
      "valid": true,
      "errors": [],
      "tt": {
        "3": [
          "D3",
          8,
          0,
          10,
          3,
          10,
          0,
          8
        ],
        "0": [
          "D0",
          5,
          9,
          11,
          2,
          14,
          1,
          14,
          2,
          11
        ]
      },
      "ds": {
        "3": [
          12,
          6
        ],
        "0": [
          4,
          13,
          7
        ]
      }
    },
    {
      "scenario_index": 2,
      "weight": 0.1,
      "obj_a3": 20.6,
      "obj_a5": 10.266666666666667,
      "improved": true,
      "valid": true,
      "errors": [],
      "tt": {
        "3": [
          "D3",
          8,
          0,
          10,
          3,
          10,
          0,
          8
        ],
        "0": [
          "D0",
          5,
          9,
          11,
          2,
          14,
          1,
          14,
          2,
          11
        ]
      },
      "ds": {
        "3": [
          12,
          6
        ],
        "0": [
          4,
          13,
          7
        ]
      }
    },
    {
      "scenario_index": 3,
      "weight": 0.1,
      "obj_a3": 20.533333333333335,
      "obj_a5": 10.7,
      "improved": true,
      "valid": true,
      "errors": [],
      "tt": {
        "3": [
          "D3",
          8,
          0,
          10,
          3,
          10,
          0,
          8
        ],
        "0": [
          "D0",
          5,
          9,
          11,
          2,
          14,
          14,
          2,
          11,
          7
        ]
      },
      "ds": {
        "3": [
          12,
          6
        ],
        "0": [
          4,
          1,
          13
        ]
      }
    },
    {
      "scenario_index": 4,
      "weight": 0.1,
      "obj_a3": 25.466666666666665,
      "obj_a5": 12.9,
      "improved": true,
      "valid": true,
      "errors": [],
      "tt": {
        "3": [
          "D3",
          8,
          0,
          10,
          3,
          10,
          0,
          8
        ],
        "0": [
          "D0",
          5,
          9,
          11,
          2,
          14,
          1,
          14,
          2,
          11
        ]
      },
      "ds": {
        "3": [
          12,
          7
        ],
        "0": [
          4,
          13,
          6
        ]
      }
    },
    {
      "scenario_index": 5,
      "weight": 0.1,
      "obj_a3": 18.466666666666665,
      "obj_a5": 9.833333333333334,
      "improved": true,
      "valid": true,
      "errors": [],
      "tt": {
        "3": [
          "D3",
          8,
          0,
          10,
          3,
          10,
          0,
          8
        ],
        "0": [
          "D0",
          5,
          9,
          11,
          2,
          14,
          14,
          2,
          11,
          7
        ]
      },
      "ds": {
        "3": [
          12,
          6
        ],
        "0": [
          4,
          1,
          13
        ]
      }
    },
    {
      "scenario_index": 6,
      "weight": 0.1,
      "obj_a3": 18.533333333333335,
      "obj_a5": 10.233333333333333,
      "improved": true,
      "valid": true,
      "errors": [],
      "tt": {
        "3": [
          "D3",
          8,
          0,
          10,
          3,
          10,
          0,
          8
        ],
        "0": [
          "D0",
          5,
          9,
          11,
          2,
          14,
          14,
          2,
          11,
          7
        ]
      },
      "ds": {
        "3": [
          12,
          6
        ],
        "0": [
          4,
          1,
          13
        ]
      }
    },
    {
      "scenario_index": 7,
      "weight": 0.1,
      "obj_a3": 21.6,
      "obj_a5": 10.3,
      "improved": true,
      "valid": true,
      "errors": [],
      "tt": {
        "3": [
          "D3",
          12,
          4,
          1,
          14
        ],
        "0": [
          "D0",
          5,
          9,
          11,
          7,
          13,
          6,
          13,
          7,
          11
        ]
      },
      "ds": {
        "3": [
          8,
          0,
          10
        ],
        "0": [
          3,
          2
        ]
      }
    },
    {
      "scenario_index": 8,
      "weight": 0.1,
      "obj_a3": 27.266666666666666,
      "obj_a5": 12.9,
      "improved": true,
      "valid": true,
      "errors": [],
      "tt": {
        "3": [
          "D3",
          8,
          0,
          10,
          3,
          10,
          0,
          8
        ],
        "0": [
          "D0",
          5,
          9,
          11,
          11,
          7,
          13,
          6
        ]
      },
      "ds": {
        "3": [
          12,
          2
        ],
        "0": [
          4,
          1,
          14
        ]
      }
    },
    {
      "scenario_index": 9,
      "weight": 0.1,
      "obj_a3": 18.466666666666665,
      "obj_a5": 9.966666666666667,
      "improved": true,
      "valid": true,
      "errors": [],
      "tt": {
        "3": [
          "D3",
          8,
          0,
          10,
          3,
          10,
          0,
          8
        ],
        "0": [
          "D0",
          5,
          9,
          11,
          2,
          14,
          14,
          2,
          11,
          7
        ]
      },
      "ds": {
        "3": [
          12,
          6
        ],
        "0": [
          4,
          1,
          13
        ]
      }
    }
  ],
  "x_open_internal": [
    15,
    18
  ],
  "x_open_idx": [
    0,
    3
  ],
  "depot_indexing": "candidate_depot_idx_0_to_4",
  "depot_idx_to_internal": {
    "0": 15,
    "1": 16,
    "2": 17,
    "3": 18,
    "4": 19
  },
  "depot_internal_to_idx": {
    "15": 0,
    "16": 1,
    "17": 2,
    "18": 3,
    "19": 4
  }
}