{
  "config": {
    "instances": [
      "Instance3"
    ],
    "p": 2,
    "seed": 123,
    "k_max": 7,
    "l_max": 6,
    "i_max": 1
  },
  "table4_like": {
    "N1": {
      "avg_pct_increase_objective": -0.23262576330330673,
      "ci95_objective": [
        -0.23262576330330673,
        -0.23262576330330673
      ],
      "avg_pct_decrease_cpu": 15.448232861809064,
      "ci95_cpu": [
        15.448232861809064,
        15.448232861809064
      ],
      "rows": [
        {
          "instance": "Instance3",
          "excluded_neighborhood": 1,
          "expected_obj": 11.436666666666664,
          "runtime_sec": 3.008860199999617,
          "pct_obj_increase_vs_baseline": -0.23262576330330673,
          "pct_cpu_decrease_vs_baseline": 15.448232861809064
        }
      ]
    },
    "N2": {
      "avg_pct_increase_objective": -2.9659784821168933,
      "ci95_objective": [
        -2.9659784821168933,
        -2.9659784821168933
      ],
      "avg_pct_decrease_cpu": 39.351858252610974,
      "ci95_cpu": [
        39.351858252610974,
        39.351858252610974
      ],
      "rows": [
        {
          "instance": "Instance3",
          "excluded_neighborhood": 2,
          "expected_obj": 11.123333333333333,
          "runtime_sec": 2.1582254999993893,
          "pct_obj_increase_vs_baseline": -2.9659784821168933,
          "pct_cpu_decrease_vs_baseline": 39.351858252610974
        }
      ]
    },
    "N3": {
      "avg_pct_increase_objective": -0.6687990694969429,
      "ci95_objective": [
        -0.6687990694969429,
        -0.6687990694969429
      ],
      "avg_pct_decrease_cpu": 42.15307126847548,
      "ci95_cpu": [
        42.15307126847548,
        42.15307126847548
      ],
      "rows": [
        {
          "instance": "Instance3",
          "excluded_neighborhood": 3,
          "expected_obj": 11.386666666666667,
          "runtime_sec": 2.0585415000023204,
          "pct_obj_increase_vs_baseline": -0.6687990694969429,
          "pct_cpu_decrease_vs_baseline": 42.15307126847548
        }
      ]
    },
    "N4": {
      "avg_pct_increase_objective": 1.10497237569061,
      "ci95_objective": [
        1.10497237569061,
        1.10497237569061
      ],
      "avg_pct_decrease_cpu": 23.47509184221266,
      "ci95_cpu": [
        23.47509184221266,
        23.47509184221266
      ],
      "rows": [
        {
          "instance": "Instance3",
          "excluded_neighborhood": 4,
          "expected_obj": 11.59,
          "runtime_sec": 2.723216300000786,
          "pct_obj_increase_vs_baseline": 1.10497237569061,
          "pct_cpu_decrease_vs_baseline": 23.47509184221266
        }
      ]
    },
    "N5": {
      "avg_pct_increase_objective": -0.9595812736260492,
      "ci95_objective": [
        -0.9595812736260492,
        -0.9595812736260492
      ],
      "avg_pct_decrease_cpu": 21.41459121625785,
      "ci95_cpu": [
        21.41459121625785,
        21.41459121625785
      ],
      "rows": [
        {
          "instance": "Instance3",
          "excluded_neighborhood": 5,
          "expected_obj": 11.353333333333333,
          "runtime_sec": 2.7965413000019907,
          "pct_obj_increase_vs_baseline": -0.9595812736260492,
          "pct_cpu_decrease_vs_baseline": 21.41459121625785
        }
      ]
    },
    "N6": {
      "avg_pct_increase_objective": 5.2340796743239135,
      "ci95_objective": [
        5.2340796743239135,
        5.2340796743239135
      ],
      "avg_pct_decrease_cpu": 3.912925112202729,
      "ci95_cpu": [
        3.912925112202729,
        3.912925112202729
      ],
      "rows": [
        {
          "instance": "Instance3",
          "excluded_neighborhood": 6,
          "expected_obj": 12.06333333333333,
          "runtime_sec": 3.4193558000006306,
          "pct_obj_increase_vs_baseline": 5.2340796743239135,
          "pct_cpu_decrease_vs_baseline": 3.912925112202729
        }
      ]
    },
    "N7": {
      "avg_pct_increase_objective": 1.5702239022971927,
      "ci95_objective": [
        1.5702239022971927,
        1.5702239022971927
      ],
      "avg_pct_decrease_cpu": 16.11964274049665,
      "ci95_cpu": [
        16.11964274049665,
        16.11964274049665
      ],
      "rows": [
        {
          "instance": "Instance3",
          "excluded_neighborhood": 7,
          "expected_obj": 11.643333333333334,
          "runtime_sec": 2.984967399999732,
          "pct_obj_increase_vs_baseline": 1.5702239022971927,
          "pct_cpu_decrease_vs_baseline": 16.11964274049665
        }
      ]
    }
  }
}