{
  "instance": "Instance3",
  "num_demands": 5,
  "num_scenarios": 1,
  "depot_base_map": {
    "15": 5,
    "16": 6,
    "17": 7,
    "18": 8,
    "19": 14
  },
  "status": 2,
  "status_name": 2,
  "objective": 5.6000000000000005,
  "best_bound": 5.6000000000000005,
  "mip_gap": 0.0,
  "runtime_sec": 0.02499985694885254,
  "open_depots": [
    18,
    19
  ],
  "open_depots_base": [
    8,
    14
  ]
}