{
  "note": "Table3/Table4-like reproduction with current code (no Gurobi columns).",
  "config": {
    "instances": [
      "Instance3"
    ],
    "p": 2,
    "seed": 123,
    "k_max": 7,
    "l_max": 6,
    "i_max": 1
  },
  "table3_like": {
    "rows": [
      {
        "instance": "Instance3",
        "with_improvement": {
          "instance": "Instance3",
          "best_x_open": [
            15,
            18
          ],
          "expected_obj": 11.463333333333333,
          "runtime_sec": 3.5526121000002604
        },
        "without_improvement": {
          "instance": "Instance3",
          "best_x_open": [
            15,
            19
          ],
          "expected_obj": 15.413333333333332,
          "runtime_sec": 0.013287300000229152
        },
        "pct_gap_wo_vs_with": 34.45769118929921,
        "pct_cpu_decrease_wo_vs_with": 99.62598506039463
      }
    ],
    "average": {
      "with_improvement_expected_obj": 11.463333333333333,
      "with_improvement_runtime_sec": 3.5526121000002604,
      "without_improvement_expected_obj": 15.413333333333332,
      "without_improvement_runtime_sec": 0.013287300000229152,
      "avg_pct_gap_wo_vs_with": 34.45769118929921,
      "avg_pct_cpu_decrease_wo_vs_with": 99.62598506039463
    }
  },
  "table4_like": {
    "N1": {
      "avg_pct_increase_objective": -0.23262576330330673,
      "ci95_objective": [
        -0.23262576330330673,
        -0.23262576330330673
      ],
      "avg_pct_decrease_cpu": 11.397140597980389,
      "ci95_cpu": [
        11.397140597980389,
        11.397140597980389
      ],
      "rows": [
        {
          "instance": "Instance3",
          "excluded_neighborhood": 1,
          "expected_obj": 11.436666666666664,
          "runtime_sec": 3.010307399999874,
          "pct_obj_increase_vs_baseline": -0.23262576330330673,
          "pct_cpu_decrease_vs_baseline": 11.397140597980389
        }
      ]
    },
    "N2": {
      "avg_pct_increase_objective": -2.9659784821168933,
      "ci95_objective": [
        -2.9659784821168933,
        -2.9659784821168933
      ],
      "avg_pct_decrease_cpu": 36.78851259083948,
      "ci95_cpu": [
        36.78851259083948,
        36.78851259083948
      ],
      "rows": [
        {
          "instance": "Instance3",
          "excluded_neighborhood": 2,
          "expected_obj": 11.123333333333333,
          "runtime_sec": 2.147628300001088,
          "pct_obj_increase_vs_baseline": -2.9659784821168933,
          "pct_cpu_decrease_vs_baseline": 36.78851259083948
        }
      ]
    },
    "N3": {
      "avg_pct_increase_objective": -0.6687990694969429,
      "ci95_objective": [
        -0.6687990694969429,
        -0.6687990694969429
      ],
      "avg_pct_decrease_cpu": 39.870293950453735,
      "ci95_cpu": [
        39.870293950453735,
        39.870293950453735
      ],
      "rows": [
        {
          "instance": "Instance3",
          "excluded_neighborhood": 3,
          "expected_obj": 11.386666666666667,
          "runtime_sec": 2.04292390000046,
          "pct_obj_increase_vs_baseline": -0.6687990694969429,
          "pct_cpu_decrease_vs_baseline": 39.870293950453735
        }
      ]
    },
    "N4": {
      "avg_pct_increase_objective": 1.10497237569061,
      "ci95_objective": [
        1.10497237569061,
        1.10497237569061
      ],
      "avg_pct_decrease_cpu": 21.571665991909246,
      "ci95_cpu": [
        21.571665991909246,
        21.571665991909246
      ],
      "rows": [
        {
          "instance": "Instance3",
          "excluded_neighborhood": 4,
          "expected_obj": 11.59,
          "runtime_sec": 2.6646250000012515,
          "pct_obj_increase_vs_baseline": 1.10497237569061,
          "pct_cpu_decrease_vs_baseline": 21.571665991909246
        }
      ]
    },
    "N5": {
      "avg_pct_increase_objective": -0.9595812736260492,
      "ci95_objective": [
        -0.9595812736260492,
        -0.9595812736260492
      ],
      "avg_pct_decrease_cpu": 18.156218557117796,
      "ci95_cpu": [
        18.156218557117796,
        18.156218557117796
      ],
      "rows": [
        {
          "instance": "Instance3",
          "excluded_neighborhood": 5,
          "expected_obj": 11.353333333333333,
          "runtime_sec": 2.780665800000861,
          "pct_obj_increase_vs_baseline": -0.9595812736260492,
          "pct_cpu_decrease_vs_baseline": 18.156218557117796
        }
      ]
    },
    "N6": {
      "avg_pct_increase_objective": 5.2340796743239135,
      "ci95_objective": [
        5.2340796743239135,
        5.2340796743239135
      ],
      "avg_pct_decrease_cpu": -0.8315103169316163,
      "ci95_cpu": [
        -0.8315103169316163,
        -0.8315103169316163
      ],
      "rows": [
        {
          "instance": "Instance3",
          "excluded_neighborhood": 6,
          "expected_obj": 12.06333333333333,
          "runtime_sec": 3.4257792999997037,
          "pct_obj_increase_vs_baseline": 5.2340796743239135,
          "pct_cpu_decrease_vs_baseline": -0.8315103169316163
        }
      ]
    },
    "N7": {
      "avg_pct_increase_objective": 1.5702239022971927,
      "ci95_objective": [
        1.5702239022971927,
        1.5702239022971927
      ],
      "avg_pct_decrease_cpu": 14.866939306061658,
      "ci95_cpu": [
        14.866939306061658,
        14.866939306061658
      ],
      "rows": [
        {
          "instance": "Instance3",
          "excluded_neighborhood": 7,
          "expected_obj": 11.643333333333334,
          "runtime_sec": 2.892420000000129,
          "pct_obj_increase_vs_baseline": 1.5702239022971927,
          "pct_cpu_decrease_vs_baseline": 14.866939306061658
        }
      ]
    }
  }
}