{
  "instance": "Instance3",
  "num_demands": 15,
  "num_scenarios": 1,
  "depot_base_map": {
    "15": 5,
    "16": 6,
    "17": 7,
    "18": 8,
    "19": 14
  },
  "status": 2,
  "status_name": 2,
  "objective": 10.033333333333333,
  "best_bound": 10.033333333333333,
  "mip_gap": 0.0,
  "runtime_sec": 83.57599997520447,
  "open_depots": [
    15,
    19
  ],
  "open_depots_base": [
    5,
    14
  ]
}