{
  "mode": "fixed-x",
  "instance": "Instance3",
  "config": {
    "num_depots_to_open": 2,
    "num_scenarios": 10,
    "seed": null,
    "k_max": 7,
    "l_max": 6,
    "i_max": 20,
    "drone_time_is_roundtrip": true,
    "normalize_by_num_demands": true,
    "infeasible_penalty": 1000000000.0
  },
  "scenario_count": 10,
  "scenario_weights": [
    1.0,
    0.0,
    0.0,
    0.0,
    0.0,
    0.0,
    0.0,
    0.0,
    0.0,
    0.0
  ],
  "x_open": [
    15,
    19
  ],
  "x_open_base": [
    5,
    14
  ],
  "depot_base_map": {
    "15": 5,
    "16": 6,
    "17": 7,
    "18": 8,
    "19": 14
  },
  "expected_obj_a3": 15.966666666666667,
  "expected_obj_a5": 11.533333333333333,
  "improved": true,
  "scenarios": [
    {
      "scenario_index": 0,
      "weight": 1.0,
      "obj_a3": 15.966666666666667,
      "obj_a5": 11.533333333333333,
      "improved": true,
      "valid": true,
      "errors": [],
      "tt": {
        "19": [
          19,
          14,
          2,
          14,
          1,
          4,
          12,
          8
        ],
        "15": [
          15,
          5,
          9,
          11,
          7,
          13,
          6
        ]
      },
      "ds": {
        "19": [
          10
        ],
        "15": [
          3,
          0
        ]
      }
    },
    {
      "scenario_index": 1,
      "weight": 0.0,
      "obj_a3": 14.566666666666666,
      "obj_a5": 13.166666666666666,
      "improved": true,
      "valid": true,
      "errors": [],
      "tt": {
        "19": [
          19,
          14,
          2,
          14,
          1
        ],
        "15": [
          15,
          5,
          9,
          9,
          5,
          4,
          12,
          8,
          0,
          10,
          3
        ]
      },
      "ds": {
        "19": [
          11,
          7
        ],
        "15": [
          6,
          13
        ]
      }
    },
    {
      "scenario_index": 2,
      "weight": 0.0,
      "obj_a3": 13.566666666666666,
      "obj_a5": 11.766666666666667,
      "improved": true,
      "valid": true,
      "errors": [],
      "tt": {
        "19": [
          19,
          14,
          2,
          11,
          7
        ],
        "15": [
          15,
          5,
          9,
          9,
          5,
          4,
          12,
          8,
          0,
          10
        ]
      },
      "ds": {
        "19": [
          1,
          13
        ],
        "15": [
          3,
          6
        ]
      }
    },
    {
      "scenario_index": 3,
      "weight": 0.0,
      "obj_a3": 14.7,
      "obj_a5": 11.0,
      "improved": true,
      "valid": true,
      "errors": [],
      "tt": {
        "19": [
          19,
          14,
          2,
          11,
          7
        ],
        "15": [
          15,
          5,
          4,
          12,
          8,
          0,
          10
        ]
      },
      "ds": {
        "19": [
          1,
          6
        ],
        "15": [
          9,
          3,
          13
        ]
      }
    },
    {
      "scenario_index": 4,
      "weight": 0.0,
      "obj_a3": 17.5,
      "obj_a5": 13.4,
      "improved": true,
      "valid": true,
      "errors": [],
      "tt": {
        "19": [
          19,
          14,
          14,
          1,
          4,
          12,
          8,
          0,
          10
        ],
        "15": [
          15,
          5,
          9,
          11,
          2
        ]
      },
      "ds": {
        "19": [
          7,
          13
        ],
        "15": [
          3,
          6
        ]
      }
    },
    {
      "scenario_index": 5,
      "weight": 0.0,
      "obj_a3": 13.566666666666666,
      "obj_a5": 10.166666666666666,
      "improved": true,
      "valid": true,
      "errors": [],
      "tt": {
        "19": [
          19,
          14,
          2,
          11,
          7,
          13,
          6
        ],
        "15": [
          15,
          5,
          4,
          12,
          8,
          0,
          10
        ]
      },
      "ds": {
        "19": [
          1
        ],
        "15": [
          9,
          3
        ]
      }
    },
    {
      "scenario_index": 6,
      "weight": 0.0,
      "obj_a3": 13.833333333333334,
      "obj_a5": 10.433333333333334,
      "improved": true,
      "valid": true,
      "errors": [],
      "tt": {
        "19": [
          19,
          14,
          2,
          11,
          7,
          13,
          6
        ],
        "15": [
          15,
          5,
          9,
          9,
          5,
          4,
          12,
          8,
          0
        ]
      },
      "ds": {
        "19": [
          1
        ],
        "15": [
          3,
          10
        ]
      }
    },
    {
      "scenario_index": 7,
      "weight": 0.0,
      "obj_a3": 13.966666666666667,
      "obj_a5": 10.666666666666666,
      "improved": true,
      "valid": true,
      "errors": [],
      "tt": {
        "19": [
          19,
          14,
          2,
          11,
          7
        ],
        "15": [
          15,
          5,
          4,
          12,
          8,
          0,
          10,
          3
        ]
      },
      "ds": {
        "19": [
          1,
          13
        ],
        "15": [
          9,
          6
        ]
      }
    },
    {
      "scenario_index": 8,
      "weight": 0.0,
      "obj_a3": 19.633333333333333,
      "obj_a5": 12.566666666666666,
      "improved": true,
      "valid": false,
      "errors": [
        "Duplicated demand nodes: [9]"
      ],
      "tt": {
        "19": [
          19,
          14,
          2,
          14,
          1
        ],
        "15": [
          15,
          5,
          5,
          4,
          12,
          8,
          0,
          10,
          3
        ]
      },
      "ds": {
        "19": [
          7,
          13,
          9
        ],
        "15": [
          11,
          9,
          6
        ]
      }
    },
    {
      "scenario_index": 9,
      "weight": 0.0,
      "obj_a3": 16.833333333333332,
      "obj_a5": 12.2,
      "improved": true,
      "valid": true,
      "errors": [],
      "tt": {
        "19": [
          19,
          14,
          2,
          14,
          1,
          4,
          12,
          8
        ],
        "15": [
          15,
          5,
          9,
          11,
          7,
          13,
          6
        ]
      },
      "ds": {
        "19": [
          3
        ],
        "15": [
          10,
          0
        ]
      }
    }
  ]
}