{
  "mode": "full-a1",
  "instance": "Instance3",
  "config": {
    "num_depots_to_open": 2,
    "num_scenarios": 10,
    "seed": null,
    "k_max": 7,
    "l_max": 6,
    "i_max": 20,
    "drone_time_is_roundtrip": true,
    "normalize_by_num_demands": true,
    "infeasible_penalty": 1000000000.0
  },
  "scenario_count": 10,
  "scenario_weights": [
    0.1,
    0.1,
    0.1,
    0.1,
    0.1,
    0.1,
    0.1,
    0.1,
    0.1,
    0.1
  ],
  "p": 2,
  "seeds": [
    1,
    2,
    3
  ],
  "runs": [
    {
      "seed": 1,
      "best_x_open": [
        15,
        18
      ],
      "best_x_open_base": [
        5,
        8
      ],
      "expected_obj": 11.410000000000004,
      "runtime_sec": 21.49575399999594
    },
    {
      "seed": 2,
      "best_x_open": [
        15,
        18
      ],
      "best_x_open_base": [
        5,
        8
      ],
      "expected_obj": 11.123333333333335,
      "runtime_sec": 21.730100500004482
    },
    {
      "seed": 3,
      "best_x_open": [
        15,
        18
      ],
      "best_x_open_base": [
        5,
        8
      ],
      "expected_obj": 11.100000000000001,
      "runtime_sec": 30.718561900001077
    }
  ],
  "summary": {
    "best_expected_obj": 11.100000000000001,
    "avg_expected_obj": 11.211111111111114,
    "std_expected_obj": 0.14095792209900596,
    "best_seed": 3,
    "best_x_open": [
      15,
      18
    ],
    "best_x_open_base": [
      5,
      8
    ]
  },
  "depot_base_map": {
    "15": 5,
    "16": 6,
    "17": 7,
    "18": 8,
    "19": 14
  },
  "best_seed_scenario_details": [
    {
      "scenario_index": 0,
      "weight": 0.1,
      "obj_a3": 20.133333333333333,
      "obj_a5": 11.2,
      "improved": true,
      "valid": true,
      "errors": [],
      "tt": {
        "18": [
          18,
          8,
          0,
          10,
          3
        ],
        "15": [
          15,
          5,
          9,
          11,
          2,
          14,
          1,
          1,
          14,
          2,
          11
        ]
      },
      "ds": {
        "18": [
          12,
          6
        ],
        "15": [
          4,
          13,
          7
        ]
      }
    },
    {
      "scenario_index": 1,
      "weight": 0.1,
      "obj_a3": 23.133333333333333,
      "obj_a5": 11.3,
      "improved": true,
      "valid": true,
      "errors": [],
      "tt": {
        "18": [
          18,
          8,
          0,
          10,
          3,
          10,
          0,
          8,
          12
        ],
        "15": [
          15,
          5,
          9,
          11,
          2,
          14,
          1,
          1,
          14,
          2,
          11
        ]
      },
      "ds": {
        "18": [
          6
        ],
        "15": [
          4,
          13,
          7
        ]
      }
    },
    {
      "scenario_index": 2,
      "weight": 0.1,
      "obj_a3": 20.6,
      "obj_a5": 10.266666666666667,
      "improved": true,
      "valid": true,
      "errors": [],
      "tt": {
        "18": [
          18,
          8,
          0,
          10,
          3
        ],
        "15": [
          15,
          5,
          9,
          11,
          2,
          14,
          1,
          1,
          14,
          2,
          11
        ]
      },
      "ds": {
        "18": [
          12,
          6
        ],
        "15": [
          4,
          13,
          7
        ]
      }
    },
    {
      "scenario_index": 3,
      "weight": 0.1,
      "obj_a3": 20.533333333333335,
      "obj_a5": 10.733333333333333,
      "improved": true,
      "valid": true,
      "errors": [],
      "tt": {
        "18": [
          18,
          8,
          0,
          10,
          3
        ],
        "15": [
          15,
          5,
          9,
          11,
          2,
          14,
          1,
          1,
          14,
          2,
          11
        ]
      },
      "ds": {
        "18": [
          12,
          6
        ],
        "15": [
          4,
          13,
          7
        ]
      }
    },
    {
      "scenario_index": 4,
      "weight": 0.1,
      "obj_a3": 25.466666666666665,
      "obj_a5": 13.066666666666666,
      "improved": true,
      "valid": false,
      "errors": [
        "Duplicated demand nodes: [0, 1, 10]"
      ],
      "tt": {
        "18": [
          18,
          8,
          0,
          8,
          12,
          4,
          1
        ],
        "15": [
          15,
          5,
          9,
          11,
          2,
          14,
          1,
          14,
          2,
          11
        ]
      },
      "ds": {
        "18": [
          3,
          10,
          6
        ],
        "15": [
          13,
          7,
          10,
          0
        ]
      }
    },
    {
      "scenario_index": 5,
      "weight": 0.1,
      "obj_a3": 18.466666666666665,
      "obj_a5": 10.066666666666666,
      "improved": true,
      "valid": true,
      "errors": [],
      "tt": {
        "18": [
          18,
          8,
          0,
          10,
          3
        ],
        "15": [
          15,
          5,
          9,
          11,
          2,
          14,
          1,
          1,
          14,
          2,
          11
        ]
      },
      "ds": {
        "18": [
          12,
          6
        ],
        "15": [
          4,
          13,
          7
        ]
      }
    },
    {
      "scenario_index": 6,
      "weight": 0.1,
      "obj_a3": 18.533333333333335,
      "obj_a5": 10.4,
      "improved": true,
      "valid": true,
      "errors": [],
      "tt": {
        "18": [
          18,
          8,
          0,
          10,
          3
        ],
        "15": [
          15,
          5,
          9,
          11,
          2,
          14,
          1,
          1,
          14,
          2,
          11,
          7
        ]
      },
      "ds": {
        "18": [
          12,
          6
        ],
        "15": [
          4,
          13
        ]
      }
    },
    {
      "scenario_index": 7,
      "weight": 0.1,
      "obj_a3": 21.6,
      "obj_a5": 10.3,
      "improved": true,
      "valid": false,
      "errors": [
        "Duplicated demand nodes: [0, 8, 10]"
      ],
      "tt": {
        "18": [
          18,
          12,
          4,
          1,
          14
        ],
        "15": [
          15,
          5,
          9,
          11,
          7,
          13,
          6,
          13,
          7,
          11
        ]
      },
      "ds": {
        "18": [
          8,
          0,
          10,
          10,
          0,
          8
        ],
        "15": [
          3,
          2
        ]
      }
    },
    {
      "scenario_index": 8,
      "weight": 0.1,
      "obj_a3": 27.266666666666666,
      "obj_a5": 13.333333333333334,
      "improved": true,
      "valid": false,
      "errors": [
        "Duplicated demand nodes: [1]"
      ],
      "tt": {
        "18": [
          18,
          8,
          0,
          10,
          3
        ],
        "15": [
          15,
          5,
          9,
          11,
          2,
          14,
          1,
          14,
          2,
          11
        ]
      },
      "ds": {
        "18": [
          12,
          6,
          1
        ],
        "15": [
          4,
          13,
          7
        ]
      }
    },
    {
      "scenario_index": 9,
      "weight": 0.1,
      "obj_a3": 18.466666666666665,
      "obj_a5": 10.333333333333334,
      "improved": true,
      "valid": true,
      "errors": [],
      "tt": {
        "18": [
          18,
          8,
          0,
          10,
          3,
          10,
          0,
          8
        ],
        "15": [
          15,
          5,
          9,
          11,
          2,
          14,
          1,
          4
        ]
      },
      "ds": {
        "18": [
          12,
          6
        ],