{
  "mode": "full-a1",
  "instance": "Instance3",
  "config": {
    "num_depots_to_open": 2,
    "num_scenarios": 10,
    "seed": null,
    "k_max": 7,
    "l_max": 6,
    "i_max": 15,
    "drone_time_is_roundtrip": true,
    "normalize_by_num_demands": true,
    "infeasible_penalty": 1000000000.0
  },
  "scenario_count": 10,
  "scenario_weights": [
    0.1,
    0.1,
    0.1,
    0.1,
    0.1,
    0.1,
    0.1,
    0.1,
    0.1,
    0.1
  ],
  "p": 2,
  "seeds": [
    1,
    2,
    3
  ],
  "runs": [
    {
      "seed": 1,
      "best_x_open": [
        15,
        18
      ],
      "expected_obj": 11.670000000000003,
      "runtime_sec": 4.71249440000247
    },
    {
      "seed": 2,
      "best_x_open": [
        15,
        18
      ],
      "expected_obj": 11.300000000000002,
      "runtime_sec": 4.479136900001322
    },
    {
      "seed": 3,
      "best_x_open": [
        15,
        18
      ],
      "expected_obj": 11.810000000000002,
      "runtime_sec": 5.464951099998871
    }
  ],
  "summary": {
    "best_expected_obj": 11.300000000000002,
    "avg_expected_obj": 11.593333333333335,
    "std_expected_obj": 0.2151485275080657,
    "best_seed": 2,
    "best_x_open": [
      15,
      18
    ]
  },
  "best_seed_scenario_details": [
    {
      "scenario_index": 0,
      "weight": 0.1,
      "obj_a3": 20.133333333333333,
      "obj_a5": 11.5,
      "improved": true,
      "valid": true,
      "errors": [],
      "tt": {
        "18": [
          18,
          8,
          8,
          0,
          10,
          3,
          10,
          0,
          8,
          12
        ],
        "15": [
          15,
          5,
          9,
          11,
          2,
          14,
          1,
          1,
          14,
          2,
          11
        ]
      },
      "ds": {
        "18": [
          6
        ],
        "15": [
          4,
          13,
          7
        ]
      }
    },
    {
      "scenario_index": 1,
      "weight": 0.1,
      "obj_a3": 23.133333333333333,
      "obj_a5": 11.3,
      "improved": true,
      "valid": true,
      "errors": [],
      "tt": {
        "18": [
          18,
          8,
          8,
          0,
          10,
          3,
          10,
          0,
          8,
          12
        ],
        "15": [
          15,
          5,
          9,
          11,
          2,
          14,
          1,
          1,
          14,
          2,
          11
        ]
      },
      "ds": {
        "18": [
          6
        ],
        "15": [
          4,
          13,
          7
        ]
      }
    },
    {
      "scenario_index": 2,
      "weight": 0.1,
      "obj_a3": 20.6,
      "obj_a5": 10.433333333333334,
      "improved": true,
      "valid": true,
      "errors": [],
      "tt": {
        "18": [
          18,
          8,
          8,
          0,
          10,
          3,
          10,
          0,
          8,
          12
        ],
        "15": [
          15,
          5,
          9,
          11,
          2,
          14,
          1,
          1,
          14,
          2,
          11
        ]
      },
      "ds": {
        "18": [
          6
        ],
        "15": [
          4,
          13,
          7
        ]
      }
    },
    {
      "scenario_index": 3,
      "weight": 0.1,
      "obj_a3": 20.533333333333335,
      "obj_a5": 11.1,
      "improved": true,
      "valid": true,
      "errors": [],
      "tt": {
        "18": [
          18,
          8,
          8,
          0,
          10,
          3,
          10,
          0,
          8,
          12
        ],
        "15": [
          15,
          5,
          9,
          11,
          2,
          14,
          1,
          1,
          14,
          2,
          11
        ]
      },
      "ds": {
        "18": [
          6
        ],
        "15": [
          4,
          13,
          7
        ]
      }
    },
    {
      "scenario_index": 4,
      "weight": 0.1,
      "obj_a3": 25.466666666666665,
      "obj_a5": 12.9,
      "improved": true,
      "valid": true,
      "errors": [],
      "tt": {
        "18": [
          18,
          8,
          8,
          0,
          10,
          3,
          10,
          0,
          8,
          12
        ],
        "15": [
          15,
          5,
          9,
          11,
          2,
          14,
          1,
          1,
          14,
          2,
          11
        ]
      },
      "ds": {
        "18": [
          6
        ],
        "15": [
          4,
          13,
          7
        ]
      }
    },
    {
      "scenario_index": 5,
      "weight": 0.1,
      "obj_a3": 18.466666666666665,
      "obj_a5": 10.166666666666666,
      "improved": true,
      "valid": true,
      "errors": [],
      "tt": {
        "18": [
          18,
          8,
          8,
          0,
          10,
          3,
          10,
          0,
          8,
          12
        ],
        "15": [
          15,
          5,
          9,
          11,
          2,
          14,
          1,
          1,
          14,
          2,
          11
        ]
      },
      "ds": {
        "18": [
          6
        ],
        "15": [
          4,
          13,
          7
        ]
      }
    },
    {
      "scenario_index": 6,
      "weight": 0.1,
      "obj_a3": 18.533333333333335,
      "obj_a5": 10.7,
      "improved": true,
      "valid": true,
      "errors": [],
      "tt": {
        "18": [
          18,
          8,
          8,
          0,
          10,
          3,
          10,
          0,
          8,
          12
        ],
        "15": [
          15,
          5,
          9,
          11,
          2,
          14,
          1,
          1,
          14,
          2,
          11,
          7
        ]
      },
      "ds": {
        "18": [
          6
        ],
        "15": [
          4,
          13
        ]
      }
    },
    {
      "scenario_index": 7,
      "weight": 0.1,
      "obj_a3": 21.6,
      "obj_a5": 10.566666666666666,
      "improved": true,
      "valid": true,
      "errors": [],
      "tt": {
        "18": [
          18,
          8,
          8,
          0,
          0,
          10,
          3,
          10,
          0,
          8,
          12,
          4
        ],
        "15": [
          15,
          5,
          9,
          11,
          7,
          13,
          6,
          13,
          7,
          11
        ]
      },
      "ds": {
        "18": [
          1
        ],
        "15": [
          14,
          2
        ]
      }
    },
    {
      "scenario_index": 8,
      "weight": 0.1,
      "obj_a3": 27.266666666666666,
      "obj_a5": 13.5,
      "improved": true,
      "valid": true,
      "errors": [],
      "tt": {
        "18": [
          18,
          8,
          8,
          0,
          10,
          3,
          10,
          0,
          8,
          12
        ],
        "15": [
          15,
          5,
          9,
          11,
          2,
          14,
          1,
          1,
          14,
          2,
          11
        ]
      },
      "ds": {
        "18": [
          6
        ],
        "15": [
          4,
          13,
          7
        ]
      }
    },
    {
      "scenario_index": 9,
      "weight": 0.1,
      "obj_a3": 18.466666666666665,
      "obj_a5": 10.833333333333334,
      "improved": true,
      "valid": true,
      "errors": [],
      "tt": {
        "18": [
          18,
          8,
          8,
          0,
          10,
          3,
          10,
          0,
          8,
          12
        ],
        "15": [
          15,
          5,
          9,
          11,
          2,
          14,
          1,
          1,
          14,
          2,
          11,
          7
        ]
      },
      "ds": {
        "18": [
          6
        ],
        "15": [
          4,
          13
        ]
      }
    }
  ]
}